{"cameraMode":{"drawMode":0,"name":"Shaded","section":"Shading Mode"},"sceneLighting":true,"audioPlay":false,"sceneViewState":{"m_AlwaysRefresh":false,"showFog":true,"showSkybox":true,"showFlares":true,"showImageEffects":true,"showParticleSystems":true,"showVisualEffectGraphs":true,"m_FxEnabled":true},"in2DMode":false,"pivot":{"x":3.811147689819336,"y":-3.905900001525879,"z":-5.108096122741699},"rotation":{"x":-0.002130915177986026,"y":-0.9511465430259705,"z":0.3086785674095154,"w":-0.0065561276860535149},"size":10.662731170654297,"orthographic":false}